Cluster,familias_pobreza,Total de Beneficiários do BPC,tx_analfabetismo,IDEB,qtd_BolsaFamilia,Renda_PER_Capita,taxa_homicidio,Atencao_saude,Matriculas_ensino_Medio,despesas_solicitadas,IVCAD,Cluster,Distancia_Centroide
0,1.0865401424511159,-0.45136829771770404,0.2908647527556821,-0.4777117446241212,1.0520855196493466,-0.1888313777023486,-0.020734976513117495,0.21871081153542019,-0.4902358244897782,-0.5434061828353285,0.3112279820360912,0.0,2.059031780544582
1,-0.44301327557680614,-0.40450776893871393,-0.020437997544351834,0.27201395715334553,-0.39287033918016634,-0.1429087888018958,-0.3603605109770741,0.228327838998202,-0.6359145828925176,-0.5858014771806246,0.26589235820083834,1.0,1.7855161115017575
2,-0.8351014584374071,2.4386795682208082,-1.3484934815993332,0.5083694594789772,-1.40367354910758,0.2574283081016443,0.46876896799369183,0.4431855369868367,1.4570303071610389,1.7533555597620243,0.28057324360122443,2.0,2.0891321825841085
3,-0.23358910574628045,-0.3701517490032096,0.7657561391978721,-0.12764242656918384,-0.18707649792773093,-0.3806625869647789,-0.25664136327523707,-2.2563048319966272,0.0646850518310221,-0.2700257030650049,0.28509309209865996,3.0,2.152484526138391
4,-0.1536641985935118,0.4521472924953316,0.07033129185451432,0.012985187570465255,0.05232411794166467,-0.17532044460777368,0.74233337702511,0.25677606998557645,1.3145671772644256,1.2087416192252085,0.29056403958632815,4.0,2.450174795469225
5,-0.8872988487225782,-0.2892339662047887,-1.1278720154317547,0.09003631548710743,-0.384524189852861,5.217182661949679,-0.09909341921092803,0.49777679543794723,0.19417917265377485,0.895764924272649,0.27305248328255655,5.0,2.265186358034786
